run_name,path,n,orig_acc_pct,orig_acc_ci95_low_pct,orig_acc_ci95_high_pct,swap_acc_pct,swap_acc_ci95_low_pct,swap_acc_ci95_high_pct,order_avg_acc_pct,order_avg_acc_ci95_low_pct,order_avg_acc_ci95_high_pct,consistency_pct,consistency_ci95_low_pct,consistency_ci95_high_pct,strict_consistency_pct,strict_consistency_ci95_low_pct,strict_consistency_ci95_high_pct,first_pos_rate_pct,first_pos_rate_ci95_low_pct,first_pos_rate_ci95_high_pct,orig_first_rate_pct,orig_first_rate_ci95_low_pct,orig_first_rate_ci95_high_pct,swap_first_rate_pct,swap_first_rate_ci95_low_pct,swap_first_rate_ci95_high_pct,position_bias_pct,position_bias_ci95_low_pct,position_bias_ci95_high_pct,tie_rate_pct,tie_rate_ci95_low_pct,tie_rate_ci95_high_pct,parse_fail_rate_pct,parse_fail_rate_ci95_low_pct,parse_fail_rate_ci95_high_pct
DPO_qwen3_8b_balanced,results/DPO_qwen3_8b_balanced/eval/eval_results.json,449,88.64142538975501,85.37279889570007,91.25446065418076,79.06458797327394,75.06273116229902,82.57333437810126,83.85300668151447,,,85.30066815144765,81.72612361899996,88.27630081129462,84.85523385300668,81.24458304301044,87.874530038006,53.56347438752784,50.293288383671154,56.803302638401675,88.64142538975501,85.37279889570007,91.25446065418076,18.485523385300667,15.167614879301217,22.338107159268596,8.908685968819599,,,2.6726057906458798,1.8024583462035566,3.945942141891696,0.0,4.336808689942018e-17,0.4259572215406312
DPO_qwen3_8b_unbalanced,results/DPO_qwen3_8b_unbalanced/eval/eval_results.json,449,89.30957683741649,86.11073146833985,91.84149510545822,75.27839643652561,71.08490333051233,79.04301574102354,82.29398663697106,,,81.29175946547885,77.42469430443273,84.62792798235837,80.84632516703786,76.95086288804977,84.21844804946318,55.790645879732736,52.52457483912212,59.00738557174623,89.30957683741649,86.11073146833985,91.84149510545822,22.271714922049,18.667582024785663,26.346286482648562,12.91759465478842,,,2.0044543429844097,1.271615021608166,3.146174649848431,0.0,4.336808689942018e-17,0.4259572215406312
DPO_unbalanced,results/DPO_unbalanced/eval/eval_results.json,449,94.20935412026726,91.65065711769283,96.01799429816509,50.33407572383074,45.72618069670318,54.93630281525546,72.271714922049,,,54.342984409799556,49.71823688124932,58.894048774212784,53.00668151447662,48.384275861389355,57.578075746238255,69.37639198218262,66.2844533546554,72.30326032786562,94.20935412026726,91.65065711769283,96.01799429816509,44.543429844098,40.01182609219904,49.167609879143455,40.75723830734967,,,3.78619153674833,2.721914545485486,5.244170637007525,0.0,4.336808689942018e-17,0.4259572215406312
EXP-006_accuracy_only,results/EXP-006_accuracy_only/eval/eval_results.json,449,94.43207126948775,91.90984287477146,96.20046421572553,56.792873051224944,52.17241943260077,61.298078643891266,75.61247216035635,,,60.801781737193764,56.212802268652105,65.2074979513434,60.13363028953229,55.537257350920974,64.55807584515728,67.37193763919822,64.23706910140962,70.35881213119542,94.43207126948775,91.90984287477146,96.20046421572553,40.31180400890869,35.87535483269768,44.912623320502234,35.634743875278396,,,2.0044543429844097,1.271615021608166,3.146174649848431,0.0,4.336808689942018e-17,0.4259572215406312
eval_ckpt100,results/EXP-006_accuracy_only/eval_ckpt100/eval_results.json,449,85.96881959910914,82.45033593431117,88.87705551990068,74.16481069042317,69.92299061057416,77.99665008776631,80.06681514476614,,,80.84632516703786,76.95086288804977,84.21844804946318,79.06458797327394,75.06273116229902,82.57333437810126,53.786191536748326,50.516123504757395,57.02400445619499,85.96881959910914,82.45033593431117,88.87705551990068,21.603563474387528,18.046396928816545,25.642504554700423,10.46770601336303,,,3.6748329621380846,2.628479943943364,5.115836769109872,0.0,4.336808689942018e-17,0.4259572215406312
eval_ckpt200,results/EXP-006_accuracy_only/eval_ckpt200/eval_results.json,449,89.086859688196,85.86439080901583,91.64618009014318,70.37861915367483,65.99688534625683,74.41460888321924,79.73273942093542,,,76.83741648106904,72.71751931344575,80.5019894805637,75.7238307349666,71.55064303783799,79.46058738297604,57.12694877505567,53.86649907582001,60.32668296832565,89.086859688196,85.86439080901583,91.64618009014318,25.16703786191537,21.37511772214001,29.38027455560229,15.590200445434299,,,2.89532293986637,1.9833884264571322,4.208549000517673,0.0,4.336808689942018e-17,0.4259572215406312
eval_ckpt300,results/EXP-006_accuracy_only/eval_ckpt300/eval_results.json,449,92.20489977728286,89.35181703153312,94.34193331257306,60.57906458797328,55.98752374081089,64.99112080454553,76.39198218262806,,,65.25612472160356,60.73924061958831,69.51417309318883,64.14253897550111,59.60383251871043,68.44130282087131,63.69710467706013,60.49978120938321,66.77774053170923,92.20489977728286,89.35181703153312,94.34193331257306,35.18930957683742,30.914663895934503,39.715233740566525,28.953229398663698,,,2.89532293986637,1.9833884264571322,4.208549000517673,0.0,4.336808689942018e-17,0.4259572215406312
EXP-006_accuracy_s2,results/EXP-006_accuracy_s2/eval/eval_results.json,449,95.54565701559021,93.22032695148201,97.0982585122104,48.775055679287306,44.18165439234296,53.3892393971421,72.16035634743875,,,51.67037861915368,47.05359453623442,56.258823023558705,50.33407572383074,45.72618069670318,54.93630281525546,72.0489977728285,69.02473293616353,74.8854240129121,95.54565701559021,93.22032695148201,97.0982585122104,48.55233853006681,43.96137032927271,53.167867785573264,46.10244988864143,,,2.4498886414253898,1.6233517380827296,3.68151181113297,0.0,4.336808689942018e-17,0.4259572215406312
EXP-006_accuracy_s3,results/EXP-006_accuracy_s3/eval/eval_results.json,449,94.20935412026726,91.65065711769283,96.01799429816509,61.46993318485523,56.889222665137474,65.85604457877527,77.83964365256125,,,66.815144766147,62.333226476681915,71.01177695856882,66.14699331848553,61.64945034835767,70.37058606297582,64.92204899777283,61.7432824648117,67.97369244011827,94.20935412026726,91.65065711769283,96.01799429816509,35.634743875278396,31.343916296928764,40.16929268885042,30.734966592427615,,,1.893095768374165,1.1852661691031785,3.0107550329136425,0.0,4.336808689942018e-17,0.4259572215406312
EXP-006b_accuracy_balanced,results/EXP-006b_accuracy_balanced/eval/eval_results.json,449,85.96881959910914,82.45033593431117,88.87705551990068,82.40534521158129,78.61263428174468,85.64826637824186,84.18708240534521,,,84.85523385300668,81.24458304301044,87.874530038006,83.74164810690424,80.04491053127845,86.86592417654258,50.66815144766147,47.40232562702292,53.928285189615735,85.96881959910914,82.45033593431117,88.87705551990068,15.367483296213807,12.326721906057234,18.99582068756542,3.11804008908686,,,2.0044543429844097,1.271615021608166,3.146174649848431,0.0,4.336808689942018e-17,0.4259572215406312
EXP-006b_accuracy_balanced_s2,results/EXP-006b_accuracy_balanced_s2/eval/eval_results.json,449,82.62806236080178,78.85082053262109,85.85173580200453,80.17817371937639,76.24149303477404,83.60285087882167,81.40311804008908,,,83.96436525612472,80.28438373500238,87.06810664745771,83.29621380846325,79.56662971063326,86.46089364790959,49.77728285077951,46.51499385131392,53.041469209806536,82.62806236080178,78.85082053262109,85.85173580200453,16.926503340757236,13.74194737477134,20.672184941324893,0.8908685968819599,,,2.0044543429844097,1.271615021608166,3.146174649848431,0.0,4.336808689942018e-17,0.4259572215406312
EXP-006b_accuracy_balanced_s3,results/EXP-006b_accuracy_balanced_s3/eval/eval_results.json,449,83.29621380846325,79.56662971063326,86.46089364790959,79.9554565701559,76.00539434363859,83.39729389531804,81.62583518930958,,,84.4097995545657,80.76401423028912,87.47178750144914,83.51893095768375,79.80566038187929,86.66351865130265,50.445434298440986,47.180395968975866,53.70667790878324,83.29621380846325,79.56662971063326,86.46089364790959,17.59465478841871,14.351733621758155,21.38736571825533,2.89532293986637,,,2.5612472160356345,1.7126634476308589,3.8139685710246174,0.0,4.336808689942018e-17,0.4259572215406312
EXP-007a_acc_decisive,results/EXP-007a_acc_decisive/eval/eval_results.json,449,94.65478841870824,92.16992516099673,96.38203760413934,57.23830734966593,52.619839295881185,61.733970129889016,75.94654788418708,,,61.69265033407573,57.114892079332314,66.07203083921954,61.02449888641426,56.43817806692337,65.42377782771123,67.48329621380846,64.35064375315453,70.46700594889029,94.65478841870824,92.16992516099673,96.38203760413934,40.31180400890869,35.87535483269768,44.912623320502234,36.080178173719375,,,1.7817371937639197,1.0996545907601618,2.8745981418168833,0.0,4.336808689942018e-17,0.4259572215406312
eval_ckpt100,results/EXP-007a_acc_decisive/eval_ckpt100/eval_results.json,449,85.30066815144765,81.72612361899996,88.27630081129462,73.4966592427617,69.2274664625135,77.36720721190973,79.39866369710468,,,81.29175946547885,77.42469430443273,84.62792798235837,79.06458797327394,75.06273116229902,82.57333437810126,53.11804008908686,49.847812973136804,56.36170417117692,85.30066815144765,81.72612361899996,88.27630081129462,20.93541202672606,17.42666562189874,24.937268837700984,9.131403118040089,,,4.120267260579064,3.0038505455770017,5.627540045235337,0.0,4.336808689942018e-17,0.4259572215406312
eval_ckpt200,results/EXP-007a_acc_decisive/eval_ckpt200/eval_results.json,449,89.97772828507794,86.85205237178215,92.42514122593317,68.8195991091314,64.39046476848989,72.92943973851258,79.39866369710468,,,75.94654788418708,71.78372678245738,79.66915931299575,75.05567928730513,70.85224478624534,78.83401861065146,59.13140311804009,55.883883001425794,62.30113149263583,89.97772828507794,86.85205237178215,92.42514122593317,28.28507795100223,24.317009590612535,32.62156213207692,19.821826280623608,,,2.338530066815145,1.5345542707359818,3.5485408090399426,0.0,4.336808689942018e-17,0.4259572215406312
eval_ckpt300,results/EXP-007a_acc_decisive/eval_ckpt300/eval_results.json,449,93.54120267260579,90.87803447137479,95.46564992056588,61.69265033407573,57.114892079332314,66.07203083921954,77.61692650334075,,,65.47884187082406,60.96663471404307,69.72843467337317,65.03340757238307,60.51195128855581,69.29980674958226,64.47661469933185,61.29084354478288,67.53905748238799,93.54120267260579,90.87803447137479,95.46564992056588,35.4120267260579,31.129238391940884,39.94231491919922,30.066815144766146,,,2.0044543429844097,1.271615021608166,3.146174649848431,0.0,4.336808689942018e-17,0.4259572215406312
EXP-007a_acc_decisive_s2,results/EXP-007a_acc_decisive_s2/eval/eval_results.json,449,93.0957683741648,90.36668375472473,95.09368928793776,64.81069042316258,60.28476625943349,69.0853361040655,78.9532293986637,,,70.8240534521158,66.45691967861617,74.83788590013805,69.93318485523386,65.53732572983016,73.99085715036775,62.58351893095768,59.37122863696407,65.6886084097306,93.0957683741648,90.36668375472473,95.09368928793776,32.071269487750556,27.921745010227163,36.5249731813267,26.50334075723831,,,2.2271714922048997,1.4463056602905817,3.4150209500455673,0.0,4.336808689942018e-17,0.4259572215406312
eval_ckpt100,results/EXP-007a_acc_decisive_s2/eval_ckpt100/eval_results.json,449,83.07349665924276,79.32781505867511,86.25805262522867,75.50111358574611,71.31770232259382,79.25187242358115,79.28730512249443,,,82.40534521158129,78.61263428174468,85.64826637824186,79.9554565701559,76.00539434363859,83.39729389531804,51.224944320712694,47.957431941054566,54.482021222782976,83.07349665924276,79.32781505867511,86.25805262522867,19.37639198218263,15.98656975813203,23.285774978994116,5.79064587973274,,,4.342984409799555,3.193065827950082,5.881861701741809,0.0,4.336808689942018e-17,0.4259572215406312
eval_ckpt200,results/EXP-007a_acc_decisive_s2/eval_ckpt200/eval_results.json,449,88.19599109131403,84.88259908259973,90.86134911800293,69.48775055679288,65.07823482163822,73.56663670928151,78.84187082405344,,,75.05567928730513,70.85224478624534,78.83401861065146,73.94209354120267,69.69101619358831,77.78696883011307,57.01559020044543,53.75458101189228,60.21683256281361,88.19599109131403,84.88259908259973,90.86134911800293,25.83518930957684,22.003349912233706,30.077009389425847,15.812917594654788,,,3.229398663697105,2.2577874233963056,4.599455411897828,0.0,4.336808689942018e-17,0.4259572215406312
eval_ckpt300,results/EXP-007a_acc_decisive_s2/eval_ckpt300/eval_results.json,449,90.64587973273942,87.59705795623012,93.00510266540245,69.48775055679288,65.07823482163822,73.56663670928151,80.06681514476614,,,74.83296213808464,70.61972544439772,78.62488227786,73.71937639198218,69.45917517187284,77.57715417718946,58.9086859688196,55.659460073120826,62.08201748206125,90.64587973273942,87.59705795623012,93.00510266540245,27.171492204899778,23.263417092317546,31.466876257176494,19.37639198218263,,,2.6726057906458798,1.8024583462035566,3.945942141891696,0.0,4.336808689942018e-17,0.4259572215406312
EXP-007b_decisive_balanced,results/EXP-007b_decisive_balanced/eval/eval_results.json,449,83.51893095768375,79.80566038187929,86.66351865130265,79.51002227171492,75.53372060995905,82.9856562797194,81.51447661469933,,,81.73719376391982,77.89928337893373,85.03665025713555,80.84632516703786,76.95086288804977,84.21844804946318,50.66815144766147,47.40232562702292,53.928285189615735,83.51893095768375,79.80566038187929,86.66351865130265,17.817371937639198,14.555406302204975,21.62534871244759,3.78619153674833,,,2.2271714922048997,1.4463056602905817,3.4150209500455673,0.11135857461024498,0.01966022820386773,0.6280654627765395
EXP-008_acc_calib,results/EXP-008_acc_calib/eval/eval_results.json,449,95.10022271714922,92.69298908692544,96.74228502748879,58.35189309576837,53.740028508244286,62.82205929072131,76.7260579064588,,,61.69265033407573,57.114892079332314,66.07203083921954,60.801781737193764,56.212802268652105,65.2074979513434,66.59242761692651,63.44259059545148,69.60091135107514,95.10022271714922,92.69298908692544,96.74228502748879,38.084632516703785,33.71208139948463,42.65934000732446,34.74387527839644,,,2.6726057906458798,1.8024583462035566,3.945942141891696,0.0,4.336808689942018e-17,0.4259572215406312
EXP-008_acc_calib_s2,results/EXP-008_acc_calib_s2/eval/eval_results.json,449,95.7683741648107,93.48577870287843,97.27446243545303,47.88418708240535,43.30106255696658,52.50320853396215,71.82628062360801,,,50.55679287305123,45.94718973503794,55.15694945155977,49.665924276169264,45.063697184744555,54.27381930329683,72.271714922049,69.25365384242896,75.10004004552621,95.7683741648107,93.48577870287843,97.27446243545303,48.775055679287306,44.18165439234296,53.3892393971421,45.87973273942094,,,2.4498886414253898,1.6233517380827296,3.68151181113297,0.0,4.336808689942018e-17,0.4259572215406312
EXP-008b_calib_balanced,results/EXP-008b_calib_balanced/eval/eval_results.json,449,84.63251670378618,81.00417931243457,87.67327809394277,80.17817371937639,76.24149303477404,83.60285087882167,82.40534521158129,,,82.62806236080178,78.85082053262109,85.85173580200453,81.9599109131403,78.13686860496462,85.24072070574374,51.00222717149221,47.7353410346654,54.260575190292585,84.63251670378618,81.00417931243457,87.67327809394277,17.37193763919822,14.148264197995475,21.149179467378925,3.78619153674833,,,2.1158129175946545,1.3586446842624376,3.2809134566339355,0.0,4.336808689942018e-17,0.4259572215406312
EXP-009_full_composite,results/EXP-009_full_composite/eval/eval_results.json,449,93.98663697104676,91.39232144227624,95.83467429894257,57.23830734966593,52.619839295881185,61.733970129889016,75.61247216035635,,,61.69265033407573,57.114892079332314,66.07203083921954,61.02449888641426,56.43817806692337,65.42377782771123,67.37193763919822,64.23706910140962,70.35881213119542,93.98663697104676,91.39232144227624,95.83467429894257,40.75723830734967,36.30916912636766,45.36212037611042,35.4120267260579,,,1.447661469933185,0.8479463819163684,2.4610009423413493,0.0,4.336808689942018e-17,0.4259572215406312
eval_ckpt100,results/EXP-009_full_composite/eval_ckpt100/eval_results.json,449,84.63251670378618,81.00417931243457,87.67327809394277,73.94209354120267,69.69101619358831,77.78696883011307,79.28730512249443,,,81.73719376391982,77.89928337893373,85.03665025713555,80.17817371937639,76.24149303477404,83.60285087882167,53.4521158129176,50.181895188414295,56.69292736421876,84.63251670378618,81.00417931243457,87.67327809394277,22.271714922049,18.667582024785663,26.346286482648562,9.57683741648107,,,3.229398663697105,2.2577874233963056,4.599455411897828,0.0,4.336808689942018e-17,0.4259572215406312
eval_ckpt200,results/EXP-009_full_composite/eval_ckpt200/eval_results.json,449,90.8685968819599,87.84627045589572,93.19754584037592,68.59688195991092,64.16143635932966,72.71681247303377,79.73273942093542,,,74.61024498886414,70.38734408865221,78.4156079589664,73.71937639198218,69.45917517187284,77.57715417718946,59.79955456570156,56.55755941577203,62.958065894928254,90.8685968819599,87.84627045589572,93.19754584037592,28.73051224944321,24.73931807314904,33.082564998818576,21.158129175946545,,,2.1158129175946545,1.3586446842624376,3.2809134566339355,0.0,4.336808689942018e-17,0.4259572215406312
eval_ckpt300,results/EXP-009_full_composite/eval_ckpt300/eval_results.json,449,93.54120267260579,90.87803447137479,95.46564992056588,61.46993318485523,56.889222665137474,65.85604457877527,77.50556792873051,,,65.92427616926503,61.42173909084029,70.1566416458541,65.03340757238307,60.51195128855581,69.29980674958226,64.92204899777283,61.7432824648117,67.97369244011827,93.54120267260579,90.87803447137479,95.46564992056588,36.30289532293987,31.98856619577526,40.84960981392117,31.180400890868597,,,2.1158129175946545,1.3586446842624376,3.2809134566339355,0.0,4.336808689942018e-17,0.4259572215406312
eval_step300,results/EXP-009_full_composite/eval_step300/eval_results.json,449,94.20935412026726,91.65065711769283,96.01799429816509,62.58351893095768,58.018558034597454,66.9349875825107,78.39643652561247,,,67.48329621380846,63.01797731121822,71.65199314794975,66.815144766147,62.333226476681915,71.01177695856882,64.69933184855235,61.51702611014922,67.7564118559012,94.20935412026726,91.65065711769283,96.01799429816509,35.18930957683742,30.914663895934503,39.715233740566525,30.28953229398664,,,1.55902004454343,0.9309131232202357,2.5998026704772577,0.0,4.336808689942018e-17,0.4259572215406312
eval_step400,results/EXP-009_full_composite/eval_step400/eval_results.json,449,95.32293986636972,92.95608978795484,96.92084000109848,59.24276169265033,54.63787962388958,63.69083087363235,77.28285077951003,,,63.474387527839646,58.923821829551116,67.79634648611339,62.58351893095768,58.018558034597454,66.9349875825107,66.70378619153675,63.556029580935714,69.70924083503067,95.32293986636972,92.95608978795484,96.92084000109848,38.084632516703785,33.71208139948463,42.65934000732446,34.29844097995546,,,1.7817371937639197,1.0996545907601618,2.8745981418168833,0.0,4.336808689942018e-17,0.4259572215406312
EXP-009_full_composite_s2,results/EXP-009_full_composite_s2/eval/eval_results.json,449,95.99109131403118,93.75253300674635,97.44936380622423,42.53897550111358,38.04822428144267,47.156310618148076,69.26503340757239,,,45.211581291759465,40.66802550454763,49.83637749071211,44.32071269487751,39.79327723254871,48.944503064154695,75.27839643652561,72.35315686861358,77.98828569421552,95.99109131403118,93.75253300674635,97.44936380622423,54.56570155902004,49.940883829052154,59.11305750104901,52.11581291759465,,,2.2271714922048997,1.4463056602905817,3.4150209500455673,0.0,4.336808689942018e-17,0.4259572215406312
EXP-009_full_composite_s3,results/EXP-009_full_composite_s3/eval/eval_results.json,449,94.20935412026726,91.65065711769283,96.01799429816509,59.02004454342984,54.413274325711484,63.47378049717136,76.61469933184856,,,63.69710467706013,59.15039018607884,68.01143380422474,63.474387527839646,58.923821829551116,67.79634648611339,66.48106904231625,63.32917079530681,69.49256268178,94.20935412026726,91.65065711769283,96.01799429816509,38.75278396436526,34.36003986205079,43.33634856867555,33.630289532293986,,,1.3363028953229399,0.7660489245497965,2.3211299302681456,0.0,4.336808689942018e-17,0.4259572215406312
EXP-009_full_lr1e5,results/EXP-009_full_lr1e5/eval/eval_results.json,449,98.88641425389754,97.419989904477,99.52343067880162,36.97104677060133,32.6341317972974,41.52901123631628,67.92873051224944,,,38.084632516703785,33.71208139948463,42.65934000732446,37.639198218262806,33.280602689065915,42.207507368465,80.51224944320712,77.79381126764187,82.97074935885672,98.88641425389754,97.419989904477,99.52343067880162,62.1380846325167,57.566526731842856,66.50370753598713,61.46993318485523,,,0.6681514476614699,0.3065690144914669,1.4499990236878195,0.0,4.336808689942018e-17,0.4259572215406312
EXP-009_full_lr1e6,results/EXP-009_full_lr1e6/eval/eval_results.json,449,83.74164810690424,80.04491053127845,86.86592417654258,76.16926503340757,72.01695489447756,79.87758687561465,79.9554565701559,,,83.29621380846325,79.56662971063326,86.46089364790959,80.84632516703786,76.95086288804977,84.21844804946318,51.00222717149221,47.7353410346654,54.260575190292585,83.74164810690424,80.04491053127845,86.86592417654258,18.262806236080177,14.963349742864457,22.100716621066276,5.56792873051225,,,4.67706013363029,3.4785990928629253,6.2616338451482925,0.0,4.336808689942018e-17,0.4259572215406312
EXP-009_full_lr2e6,results/EXP-009_full_lr2e6/eval/eval_results.json,449,85.74610244988864,82.20867191012977,88.67706386944299,73.2739420935412,68.99588900708727,77.15712899269685,79.51002227171492,,,81.06904231625836,77.18768516358507,84.42328144856697,79.73273942093542,75.76947091209027,83.19156165222725,54.342984409799556,51.07349595357431,57.57547435457695,85.74610244988864,82.20867191012977,88.67706386944299,22.93986636971047,19.290174478422536,27.048661052928935,11.1358574610245,,,3.0066815144766146,2.074475270756823,4.339230625657757,0.0,4.336808689942018e-17,0.4259572215406312
EXP-009_full_lr3e6,results/EXP-009_full_lr3e6/eval/eval_results.json,449,89.97772828507794,86.85205237178215,92.42514122593317,70.15590200445433,65.76704658013321,74.20279197470376,80.06681514476614,,,75.7238307349666,71.55064303783799,79.46058738297604,75.27839643652561,71.08490333051233,79.04301574102354,58.240534521158125,54.986596564535084,61.424270174008335,89.97772828507794,86.85205237178215,92.42514122593317,26.50334075723831,22.63279278809029,30.772533537486506,17.37193763919822,,,2.1158129175946545,1.3586446842624376,3.2809134566339355,0.0,4.336808689942018e-17,0.4259572215406312
EXP-009_full_s4,results/EXP-009_full_s4/eval/eval_results.json,449,94.43207126948775,91.90984287477146,96.20046421572553,60.57906458797328,55.98752374081089,64.99112080454553,77.50556792873051,,,64.3652561247216,59.83070731114958,68.65608370307125,63.69710467706013,59.15039018607884,68.01143380422474,66.14699331848553,62.98902603628525,69.16740203248224,94.43207126948775,91.90984287477146,96.20046421572553,37.8619153674833,33.49629246401286,42.433473268157144,33.18485523385301,,,1.447661469933185,0.8479463819163684,2.4610009423413493,0.0,4.336808689942018e-17,0.4259572215406312
EXP-009b_full_balanced,results/EXP-009b_full_balanced/eval/eval_results.json,449,84.63251670378618,81.00417931243457,87.67327809394277,82.40534521158129,78.61263428174468,85.64826637824186,83.51893095768375,,,85.30066815144765,81.72612361899996,88.27630081129462,84.85523385300668,81.24458304301044,87.874530038006,50.11135857461024,46.84762237858575,53.374146090854026,84.63251670378618,81.00417931243457,87.67327809394277,15.590200445434299,12.528212498550866,19.235985769710872,1.55902004454343,,,1.670378619153675,1.0148451771315772,2.737639086005693,0.0,4.336808689942018e-17,0.4259572215406312
EXP-009b_full_balanced_s2,results/EXP-009b_full_balanced_s2/eval/eval_results.json,449,82.18262806236079,78.37465128755241,85.44459369779503,83.07349665924276,79.32781505867511,86.25805262522867,82.62806236080178,,,83.74164810690424,80.04491053127845,86.86592417654258,83.51893095768375,79.80566038187929,86.66351865130265,48.55233853006681,45.296597274188386,51.820412623094526,82.18262806236079,78.37465128755241,85.44459369779503,14.92204899777283,11.924460919654543,18.514770324689948,-1.3363028953229399,,,1.670378619153675,1.0148451771315772,2.737639086005693,0.0,4.336808689942018e-17,0.4259572215406312
EXP-009b_full_balanced_s3,results/EXP-009b_full_balanced_s3/eval/eval_results.json,449,84.4097995545657,80.76401423028912,87.47178750144914,78.84187082405344,74.82748803924083,82.36692182652035,81.62583518930958,,,83.29621380846325,79.56662971063326,86.46089364790959,82.18262806236079,78.37465128755241,85.44459369779503,51.33630289532294,48.06850159145178,54.59272004182553,84.4097995545657,80.76401423028912,87.47178750144914,18.262806236080177,14.963349742864457,22.100716621066276,4.67706013363029,,,2.4498886414253898,1.6233517380827296,3.68151181113297,0.0,4.336808689942018e-17,0.4259572215406312
EXP-LENGTH_confounded,results/EXP-LENGTH_confounded/eval/eval_results.json,449,79.9554565701559,76.00539434363859,83.39729389531804,74.61024498886414,70.38734408865221,78.4156079589664,77.28285077951003,,,78.39643652561247,74.35749544529958,81.95360307118345,76.61469933184856,72.48384973786038,80.29400338151,50.445434298440986,47.180395968975866,53.70667790878324,79.9554565701559,76.00539434363859,83.39729389531804,20.93541202672606,17.42666562189874,24.937268837700984,4.4543429844097995,,,4.120267260579064,3.0038505455770017,5.627540045235337,0.0,4.336808689942018e-17,0.4259572215406312
GRPO_antiprompt_eval,results/GRPO_antiprompt_eval/eval_results.json,449,93.76391982182628,91.13479348346266,95.65054658311708,58.35189309576837,53.740028508244286,62.82205929072131,76.05790645879733,,,63.91982182628062,59.37706028128419,68.22641938365847,63.02895322939867,58.47098876368373,67.3658682027026,66.25835189309576,63.10238856227735,69.27580797592994,93.76391982182628,91.13479348346266,95.65054658311708,38.75278396436526,34.36003986205079,43.33634856867555,33.630289532293986,,,2.1158129175946545,1.3586446842624376,3.2809134566339355,0.0,4.336808689942018e-17,0.4259572215406312
GRPO_balanced_nodupe,results/GRPO_balanced_nodupe/eval/eval_results.json,449,83.07349665924276,79.32781505867511,86.25805262522867,79.06458797327394,75.06273116229902,82.57333437810126,81.06904231625836,,,82.62806236080178,78.85082053262109,85.85173580200453,81.51447661469933,77.66189284073141,84.83238512069879,50.222717149220486,46.95853079019347,53.48500614868609,83.07349665924276,79.32781505867511,86.25805262522867,17.37193763919822,14.148264197995475,21.149179467378925,2.6726057906458798,,,2.89532293986637,1.9833884264571322,4.208549000517673,0.0,4.336808689942018e-17,0.4259572215406312
GRPO_mistral7b_balanced,results/GRPO_mistral7b_balanced/eval/eval_results.json,449,81.73719376391982,77.89928337893373,85.03665025713555,69.26503340757239,64.8488633255843,73.35435253069636,75.50111358574611,,,70.8240534521158,66.45691967861617,74.83788590013805,70.37861915367483,65.99688534625683,74.41460888321924,55.45657015590201,52.18946474463304,58.67719025791598,81.73719376391982,77.89928337893373,85.03665025713555,29.175946547884184,25.16211409986196,33.54308032138382,12.47216035634744,,,1.447661469933185,0.8479463819163684,2.4610009423413493,0.0,4.336808689942018e-17,0.4259572215406312
eval_unbal_test,results/GRPO_mistral7b_balanced/eval_unbal_test/eval_results.json,92,80.43478260869566,71.17967165323347,87.25015682503303,19.565217391304348,12.749843174966962,28.820328346766534,50.0,,,5.434782608695652,2.3435063948632364,12.098530476246525,5.434782608695652,2.3435063948632364,12.098530476246525,80.43478260869566,74.1052834473102,85.51946643653237,80.43478260869566,71.17967165323347,87.25015682503303,80.43478260869566,71.17967165323347,87.25015682503303,60.86956521739131,,,0.5434782608695652,0.09600176669975533,3.0137796720560766,0.0,0.0,2.045053762258643
GRPO_mistral7b_balanced_s2,results/GRPO_mistral7b_balanced_s2/eval/eval_results.json,449,80.40089086859689,76.47776917610591,83.80823041212888,59.68819599109132,55.08737667949778,64.12464516730233,70.0445434298441,,,65.70155902004454,61.19413404370854,69.94259101834677,65.25612472160356,60.73924061958831,69.51417309318883,58.68596881959911,55.43510479889958,61.86283581740294,80.40089086859689,76.47776917610591,83.80823041212888,36.97104677060133,32.6341317972974,41.52901123631628,19.37639198218263,,,2.5612472160356345,1.7126634476308589,3.8139685710246174,0.0,4.336808689942018e-17,0.4259572215406312
GRPO_mistral7b_unbal,results/GRPO_mistral7b_unbal/eval/eval_results.json,449,98.88641425389754,97.419989904477,99.52343067880162,18.93095768374165,15.576718551433045,22.812314836414938,58.9086859688196,,,20.044543429844097,16.602706104681975,23.99460565636142,20.044543429844097,16.602706104681975,23.99460565636142,89.86636971046771,87.71971201814569,91.6734000412941,98.88641425389754,97.419989904477,99.52343067880162,80.84632516703786,76.95086288804977,84.21844804946318,79.73273942093542,,,0.11135857461024498,0.01966022820386773,0.6280654627765395,0.0,4.336808689942018e-17,0.4259572215406312
eval_step100,results/GRPO_mistral7b_unbal/eval_step100/eval_results.json,449,98.66369710467706,97.11560499116885,99.38615991747069,19.15367483296214,15.781551950536823,23.049137111950245,58.9086859688196,,,20.26726057906459,16.808438347772746,24.23052908790973,20.26726057906459,16.808438347772746,24.23052908790973,89.64365256124721,87.4790369498649,91.47053817069529,98.66369710467706,97.11560499116885,99.38615991747069,80.62360801781738,76.71422502100589,84.01343024186798,79.28730512249443,,,0.22271714922048996,0.06109833813997358,0.8083958222802095,0.0,4.336808689942018e-17,0.4259572215406312
eval_step200,results/GRPO_mistral7b_unbal/eval_step200/eval_results.json,449,98.88641425389754,97.419989904477,99.52343067880162,18.70824053452116,15.372072017641628,22.57530569556727,58.797327394209354,,,19.821826280623608,16.397149121178344,23.75850696522597,19.821826280623608,16.397149121178344,23.75850696522597,90.0890868596882,87.96067713083842,91.87597186748091,98.88641425389754,97.419989904477,99.52343067880162,81.29175946547885,77.42469430443273,84.62792798235837,80.17817371937639,,,0.0,4.336808689942018e-17,0.4259572215406312,0.0,4.336808689942018e-17,0.4259572215406312
GRPO_mistral7b_unbal_s2,results/GRPO_mistral7b_unbal_s2/eval/eval_results.json,449,98.21826280623608,96.52399141854919,99.0944621408122,20.489977728285076,17.014343720280603,24.466279390040953,59.354120267260576,,,22.048997772828507,18.460361734309682,26.111851098485456,22.048997772828507,18.460361734309682,26.111851098485456,88.8641425389755,86.6388441007263,90.75835173375546,98.21826280623608,96.52399141854919,99.0944621408122,79.51002227171492,75.53372060995905,82.9856562797194,77.728285077951,,,0.11135857461024498,0.01966022820386773,0.6280654627765395,0.0,4.336808689942018e-17,0.4259572215406312
GRPO_mistral7b_unbal_s3,results/GRPO_mistral7b_unbal_s3/eval/eval_results.json,449,98.21826280623608,96.52399141854919,99.0944621408122,25.389755011135858,21.584392041033592,29.61265591134779,61.80400890868597,,,26.948775055679285,23.0530794458508,31.235558229004155,26.948775055679285,23.0530794458508,31.235558229004155,86.30289532293986,83.89900478644672,88.39751625092022,98.21826280623608,96.52399141854919,99.0944621408122,74.38752783964365,70.1550995309284,78.20619684205114,72.60579064587974,,,0.22271714922048996,0.06109833813997358,0.8083958222802095,0.0,4.336808689942018e-17,0.4259572215406312
GRPO_qwen3_8b_balanced,results/GRPO_qwen3_8b_balanced/eval/eval_results.json,449,87.97327394209354,84.63800011210269,90.6642924138609,75.7238307349666,71.55064303783799,79.46058738297604,81.84855233853007,,,82.62806236080178,78.85082053262109,85.85173580200453,81.9599109131403,78.13686860496462,85.24072070574374,54.78841870824054,51.519687284747484,58.01635690116288,87.97327394209354,84.63800011210269,90.6642924138609,21.603563474387528,18.046396928816545,25.642504554700423,11.1358574610245,,,2.2271714922048997,1.4463056602905817,3.4150209500455673,0.0,4.336808689942018e-17,0.4259572215406312
GRPO_qwen3_8b_balanced_s2,results/GRPO_qwen3_8b_balanced_s2/eval/eval_results.json,449,86.8596881959911,83.41971319872884,89.67430095403934,75.27839643652561,71.08490333051233,79.04301574102354,81.06904231625836,,,81.73719376391982,77.89928337893373,85.03665025713555,80.62360801781738,76.71422502100589,84.01343024186798,54.677060133630285,51.40811496580261,57.90616075066796,86.8596881959911,83.41971319872884,89.67430095403934,22.494432071269486,18.874958660058656,26.580565522014645,12.47216035634744,,,3.11804008908686,2.165948000803821,4.469526365050536,0.0,4.336808689942018e-17,0.4259572215406312
GRPO_qwen3_8b_calib_unbal,results/GRPO_qwen3_8b_calib_unbal/eval/eval_results.json,449,89.086859688196,85.86439080901583,91.64618009014318,72.16035634743875,67.83993512657408,76.10480450001464,80.62360801781738,,,77.9510022271715,73.88814890151455,81.53963826569031,77.06013363028953,72.95133894707106,80.70982552157746,57.12694877505567,53.86649907582001,60.32668296832565,89.086859688196,85.86439080901583,91.64618009014318,25.16703786191537,21.37511772214001,29.38027455560229,16.258351893095767,,,2.6726057906458798,1.8024583462035566,3.945942141891696,0.0,4.336808689942018e-17,0.4259572215406312
GRPO_qwen3_8b_decisive_unbal,results/GRPO_qwen3_8b_decisive_unbal/eval/eval_results.json,449,88.19599109131403,84.88259908259973,90.86134911800293,74.83296213808464,70.61972544439772,78.62488227786,81.51447661469933,,,81.9599109131403,78.13686860496462,85.24072070574374,81.51447661469933,77.66189284073141,84.83238512069879,55.56792873051225,52.30115168425817,58.787271787730624,88.19599109131403,84.88259908259973,90.86134911800293,22.93986636971047,19.290174478422536,27.048661052928935,12.694877505567929,,,2.0044543429844097,1.271615021608166,3.146174649848431,0.0,4.336808689942018e-17,0.4259572215406312
GRPO_qwen3_8b_full_composite_unbal,results/GRPO_qwen3_8b_full_composite_unbal/eval/eval_results.json,449,87.75055679287304,84.39372460505757,90.46691224626692,74.38752783964365,70.1550995309284,78.20619684205114,81.06904231625836,,,80.84632516703786,76.95086288804977,84.21844804946318,79.73273942093542,75.76947091209027,83.19156165222725,55.45657015590201,52.18946474463304,58.67719025791598,87.75055679287304,84.39372460505757,90.46691224626692,23.16258351893096,19.498010519436306,27.28248068655424,12.91759465478842,,,2.6726057906458798,1.8024583462035566,3.945942141891696,0.0,4.336808689942018e-17,0.4259572215406312
GRPO_qwen3_8b_unbal_lr1e5,results/GRPO_qwen3_8b_unbal_lr1e5/eval/eval_results.json,449,90.20044543429844,87.09996213669174,92.61888713566265,72.16035634743875,67.83993512657408,76.10480450001464,81.1804008908686,,,78.39643652561247,74.35749544529958,81.95360307118345,77.50556792873051,73.41943447798536,81.12504133994133,58.01781737193764,54.76244329216149,61.20488650750238,90.20044543429844,87.09996213669174,92.61888713566265,25.83518930957684,22.003349912233706,30.077009389425847,17.14922048997773,,,1.55902004454343,0.9309131232202357,2.5998026704772577,0.0,4.336808689942018e-17,0.4259572215406312
GRPO_qwen3_8b_unbal_lr1e6,results/GRPO_qwen3_8b_unbal_lr1e6/eval/eval_results.json,449,89.086859688196,85.86439080901583,91.64618009014318,76.16926503340757,72.01695489447756,79.87758687561465,82.62806236080178,,,82.40534521158129,78.61263428174468,85.64826637824186,81.73719376391982,77.89928337893373,85.03665025713555,55.345211581291764,52.077794213875386,58.56709231923386,89.086859688196,85.86439080901583,91.64618009014318,21.603563474387528,18.046396928816545,25.642504554700423,12.24944320712695,,,1.7817371937639197,1.0996545907601618,2.8745981418168833,0.0,4.336808689942018e-17,0.4259572215406312
GRPO_qwen3_8b_unbal_lr2e6,results/GRPO_qwen3_8b_unbal_lr2e6/eval/eval_results.json,449,87.75055679287304,84.39372460505757,90.46691224626692,75.27839643652561,71.08490333051233,79.04301574102354,81.51447661469933,,,81.51447661469933,77.66189284073141,84.83238512069879,80.62360801781738,76.71422502100589,84.01343024186798,54.78841870824054,51.519687284747484,58.01635690116288,87.75055679287304,84.39372460505757,90.46691224626692,21.826280623608017,18.253299462933192,25.877257695222866,12.24944320712695,,,2.89532293986637,1.9833884264571322,4.208549000517673,0.0,4.336808689942018e-17,0.4259572215406312
GRPO_qwen3_8b_unbal_lr3e6,results/GRPO_qwen3_8b_unbal_lr3e6/eval/eval_results.json,449,87.75055679287304,84.39372460505757,90.46691224626692,75.50111358574611,71.31770232259382,79.25187242358115,81.62583518930958,,,82.62806236080178,78.85082053262109,85.85173580200453,81.9599109131403,78.13686860496462,85.24072070574374,54.78841870824054,51.519687284747484,58.01635690116288,87.75055679287304,84.39372460505757,90.46691224626692,21.826280623608017,18.253299462933192,25.877257695222866,12.026726057906458,,,2.4498886414253898,1.6233517380827296,3.68151181113297,0.0,4.336808689942018e-17,0.4259572215406312
GRPO_qwen3_8b_unbal_s3,results/GRPO_qwen3_8b_unbal_s3/eval/eval_results.json,449,88.64142538975501,85.37279889570007,91.25446065418076,74.61024498886414,70.38734408865221,78.4156079589664,81.62583518930958,,,80.84632516703786,76.95086288804977,84.21844804946318,79.9554565701559,76.00539434363859,83.39729389531804,55.67928730512249,52.41285504493815,58.89733689649043,88.64142538975501,85.37279889570007,91.25446065418076,22.717149220489976,19.08249000823145,26.81468984848093,12.91759465478842,,,2.2271714922048997,1.4463056602905817,3.4150209500455673,0.0,4.336808689942018e-17,0.4259572215406312
GRPO_qwen3_8b_unbalanced,results/GRPO_qwen3_8b_unbalanced/eval/eval_results.json,449,88.41870824053451,85.12752929568099,91.05807457956074,73.4966592427617,69.2274664625135,77.36720721190973,80.95768374164811,,,78.84187082405344,74.82748803924083,82.36692182652035,78.39643652561247,74.35749544529958,81.95360307118345,55.233853006681514,51.96614008005862,58.45697798361085,88.41870824053451,85.12752929568099,91.05807457956074,22.048997772828507,18.460361734309682,26.111851098485456,13.3630289532294,,,2.4498886414253898,1.6233517380827296,3.68151181113297,1.1135857461024499,0.6059860521346552,2.0376558638037348
eval_ckpt100,results/GRPO_qwen3_8b_unbalanced/eval_ckpt100/eval_results.json,449,49.88864142538976,45.28443442423015,54.494737738450304,43.652561247216035,39.13818541756363,48.274627855222526,46.770601336302896,,,80.17817371937639,76.24149303477404,83.60285087882167,80.17817371937639,76.24149303477404,83.60285087882167,26.280623608017816,23.50717272809053,29.2561432812372,49.88864142538976,45.28443442423015,54.494737738450304,2.6726057906458798,1.5353295988613467,4.612839540333605,0.4454342984409799,,,0.22271714922048996,0.06109833813997358,0.8083958222802095,50.445434298440986,47.180395968975866,53.70667790878324
eval_ckpt200,results/GRPO_qwen3_8b_unbalanced/eval_ckpt200/eval_results.json,449,89.75501113585747,86.60455159049435,92.23098633258189,74.61024498886414,70.38734408865221,78.4156079589664,82.18262806236079,,,80.17817371937639,76.24149303477404,83.60285087882167,79.06458797327394,75.06273116229902,82.57333437810126,56.6815144766147,53.41892637980028,59.887181786586275,89.75501113585747,86.60455159049435,92.23098633258189,23.608017817371937,19.914131299994374,27.74967125527434,14.92204899777283,,,1.7817371937639197,1.0996545907601618,2.8745981418168833,0.0,4.336808689942018e-17,0.4259572215406312
GRPO_qwen3_8b_unbalanced_s2,results/GRPO_qwen3_8b_unbalanced_s2/eval/eval_results.json,449,89.086859688196,85.86439080901583,91.64618009014318,73.2739420935412,68.99588900708727,77.15712899269685,81.1804008908686,,,80.17817371937639,76.24149303477404,83.60285087882167,79.06458797327394,75.06273116229902,82.57333437810126,56.013363028953236,52.74806377911329,59.227433570634616,89.086859688196,85.86439080901583,91.64618009014318,22.93986636971047,19.290174478422536,27.048661052928935,13.585746102449889,,,2.783964365256125,1.8927084482006025,4.077460509334426,0.11135857461024498,0.01966022820386773,0.6280654627765395
GRPO_ratio60,results/GRPO_ratio60/eval/eval_results.json,449,83.51893095768375,79.80566038187929,86.66351865130265,77.9510022271715,73.88814890151455,81.53963826569031,80.73496659242761,,,83.07349665924276,79.32781505867511,86.25805262522867,81.51447661469933,77.66189284073141,84.83238512069879,50.66815144766147,47.40232562702292,53.928285189615735,83.51893095768375,79.80566038187929,86.66351865130265,17.817371937639198,14.555406302204975,21.62534871244759,4.231625835189309,,,3.4521158129175946,2.44249729862032,4.858282475553364,0.0,4.336808689942018e-17,0.4259572215406312
GRPO_ratio75,results/GRPO_ratio75/eval/eval_results.json,449,85.30066815144765,81.72612361899996,88.27630081129462,77.728285077951,73.65371351735143,81.33241797521433,81.51447661469933,,,85.74610244988864,82.20867191012977,88.67706386944299,83.96436525612472,80.28438373500238,87.06810664745771,52.00445434298441,48.7352584431268,55.25657400678916,85.30066815144765,81.72612361899996,88.27630081129462,18.70824053452116,15.372072017641628,22.57530569556727,6.23608017817372,,,2.89532293986637,1.9833884264571322,4.208549000517673,0.0,4.336808689942018e-17,0.4259572215406312
GRPO_ratio80,results/GRPO_ratio80/eval/eval_results.json,449,87.75055679287304,84.39372460505757,90.46691224626692,72.82850779510022,68.53312374282352,76.73658290768246,80.28953229398664,,,80.17817371937639,76.24149303477404,83.60285087882167,78.84187082405344,74.82748803924083,82.36692182652035,55.45657015590201,52.18946474463304,58.67719025791598,87.75055679287304,84.39372460505757,90.46691224626692,23.16258351893096,19.498010519436306,27.28248068655424,12.91759465478842,,,3.0066815144766146,2.074475270756823,4.339230625657757,0.0,4.336808689942018e-17,0.4259572215406312
GRPO_ratio90,results/GRPO_ratio90/eval/eval_results.json,449,88.64142538975501,85.37279889570007,91.25446065418076,72.16035634743875,67.83993512657408,76.10480450001464,80.40089086859689,,,76.61469933184856,72.48384973786038,80.29400338151,75.27839643652561,71.08490333051233,79.04301574102354,56.57015590200446,53.307074637675555,59.77726505927122,88.64142538975501,85.37279889570007,91.25446065418076,24.4988864142539,20.748127576418852,28.682297677406194,15.367483296213807,,,2.89532293986637,1.9833884264571322,4.208549000517673,0.0,4.336808689942018e-17,0.4259572215406312
GRPO_ratio95,results/GRPO_ratio95/eval/eval_results.json,449,87.08240534521158,83.66276609099906,89.87290373640819,72.16035634743875,67.83993512657408,76.10480450001464,79.62138084632517,,,77.9510022271715,73.88814890151455,81.53963826569031,76.61469933184856,72.48384973786038,80.29400338151,55.56792873051225,52.30115168425817,58.787271787730624,87.08240534521158,83.66276609099906,89.87290373640819,24.053452115812917,20.330840687004255,28.216273217542625,13.3630289532294,,,3.0066815144766146,2.074475270756823,4.339230625657757,0.0,4.336808689942018e-17,0.4259572215406312
SFT_balanced,results/SFT_balanced/eval/eval_results.json,449,91.31403118040089,88.34609670431136,93.58103094123845,89.086859688196,85.86439080901583,91.64618009014318,90.20044543429844,,,87.08240534521158,83.66276609099906,89.87290373640819,87.08240534521158,83.66276609099906,89.87290373640819,51.11358574610245,47.84637842296281,54.371306271434946,91.31403118040089,88.34609670431136,93.58103094123845,10.913140311804009,8.353819909856833,14.135609190984177,2.2271714922048997,,,0.0,4.336808689942018e-17,0.4259572215406312,0.0,4.336808689942018e-17,0.4259572215406312
SFT_mistral7b_balanced,results/SFT_mistral7b_balanced/eval/eval_results.json,449,92.20489977728286,89.35181703153312,94.34193331257306,81.9599109131403,78.13686860496462,85.24072070574374,87.08240534521158,,,84.85523385300668,81.24458304301044,87.874530038006,84.85523385300668,81.24458304301044,87.874530038006,55.122494432071264,51.854502331516116,58.346847262713574,92.20489977728286,89.35181703153312,94.34193331257306,18.040089086859687,14.759279294256256,21.86313139503539,10.244988864142538,,,0.0,4.336808689942018e-17,0.4259572215406312,0.0,4.336808689942018e-17,0.4259572215406312
SFT_mistral7b_unbal,results/SFT_mistral7b_unbal/eval/eval_results.json,449,100.0,99.15169895647405,100.0,0.0,8.673617379884035e-17,0.8483010435259591,50.0,,,0.0,8.673617379884035e-17,0.8483010435259591,0.0,8.673617379884035e-17,0.8483010435259591,100.0,99.57404277845939,100.0,100.0,99.15169895647405,100.0,100.0,99.15169895647405,100.0,100.0,,,0.0,4.336808689942018e-17,0.4259572215406312,0.0,4.336808689942018e-17,0.4259572215406312
SFT_qwen3_8b_balanced,results/SFT_qwen3_8b_balanced/eval/eval_results.json,449,87.75055679287304,84.39372460505757,90.46691224626692,89.97772828507794,86.85205237178215,92.42514122593317,88.8641425389755,,,88.8641425389755,85.61841641669571,91.4504988078242,88.8641425389755,85.61841641669571,91.4504988078242,48.88641425389755,45.62869372856505,52.15362157703719,87.75055679287304,84.39372460505757,90.46691224626692,10.022271714922049,7.574858774066826,13.147947628217851,-2.2271714922048997,,,0.0,4.336808689942018e-17,0.4259572215406312,0.0,4.336808689942018e-17,0.4259572215406312
SFT_qwen3_8b_balanced_s2,results/SFT_qwen3_8b_balanced_s2/eval/eval_results.json,449,89.30957683741649,86.11073146833985,91.84149510545822,90.64587973273942,87.59705795623012,93.00510266540245,89.97772828507794,,,89.30957683741649,86.11073146833985,91.84149510545822,89.30957683741649,86.11073146833985,91.84149510545822,49.33184855233853,46.071714810384265,52.597674372977075,89.30957683741649,86.11073146833985,91.84149510545822,9.35412026726058,6.994897334597554,12.402942043769878,-1.3363028953229399,,,0.0,4.336808689942018e-17,0.4259572215406312,0.0,4.336808689942018e-17,0.4259572215406312
SFT_qwen3_8b_unbal_s2,results/SFT_qwen3_8b_unbal_s2/eval/eval_results.json,449,100.0,99.15169895647405,100.0,0.0,8.673617379884035e-17,0.8483010435259591,50.0,,,0.0,8.673617379884035e-17,0.8483010435259591,0.0,8.673617379884035e-17,0.8483010435259591,100.0,99.57404277845939,100.0,100.0,99.15169895647405,100.0,100.0,99.15169895647405,100.0,100.0,,,0.0,4.336808689942018e-17,0.4259572215406312,0.0,4.336808689942018e-17,0.4259572215406312
SFT_qwen3_8b_unbalanced,results/SFT_qwen3_8b_unbalanced/eval/eval_results.json,449,100.0,99.15169895647405,100.0,0.0,8.673617379884035e-17,0.8483010435259591,50.0,,,0.0,8.673617379884035e-17,0.8483010435259591,0.0,8.673617379884035e-17,0.8483010435259591,100.0,99.57404277845939,100.0,100.0,99.15169895647405,100.0,100.0,99.15169895647405,100.0,100.0,,,0.0,4.336808689942018e-17,0.4259572215406312,0.0,4.336808689942018e-17,0.4259572215406312
SFT_unbalanced,results/SFT_unbalanced/eval/eval_results.json,449,100.0,99.15169895647405,100.0,0.0,8.673617379884035e-17,0.8483010435259591,50.0,,,0.0,8.673617379884035e-17,0.8483010435259591,0.0,8.673617379884035e-17,0.8483010435259591,100.0,99.57404277845939,100.0,100.0,99.15169895647405,100.0,100.0,99.15169895647405,100.0,100.0,,,0.0,4.336808689942018e-17,0.4259572215406312,0.0,4.336808689942018e-17,0.4259572215406312
SFT_unbalanced_lr1e5,results/SFT_unbalanced_lr1e5/eval/eval_results.json,449,100.0,99.15169895647405,100.0,0.6681514476614699,0.2274866623847219,1.9457814050584852,50.33407572383074,,,0.6681514476614699,0.2274866623847219,1.9457814050584852,0.6681514476614699,0.2274866623847219,1.9457814050584852,99.66592427616926,99.02241690662035,99.88632046351968,100.0,99.15169895647405,100.0,99.33184855233853,98.05421859494152,99.77251333761528,99.33184855233853,,,0.0,4.336808689942018e-17,0.4259572215406312,0.0,4.336808689942018e-17,0.4259572215406312
SFT_unbalanced_lr1e6,results/SFT_unbalanced_lr1e6/eval/eval_results.json,449,84.4097995545657,80.76401423028912,87.47178750144914,69.93318485523386,65.53732572983016,73.99085715036775,77.17149220489978,,,79.06458797327394,75.06273116229902,82.57333437810126,75.50111358574611,71.31770232259382,79.25187242358115,52.895322939866375,49.62517256775968,56.14080763767449,84.4097995545657,80.76401423028912,87.47178750144914,21.380846325167038,17.83965589549727,25.40758991338062,11.358574610244988,,,7.683741648106904,6.116435272059594,9.611546340825573,0.0,4.336808689942018e-17,0.4259572215406312
antiprompt_mistral,results/antiprompt_mistral/eval_results.json,449,98.66369710467706,97.11560499116885,99.38615991747069,17.59465478841871,14.351733621758155,21.38736571825533,58.12917594654788,,,18.93095768374165,15.576718551433045,22.812314836414938,18.93095768374165,15.576718551433045,22.812314836414938,90.53452115812918,88.443512449895,92.28021042618343,98.66369710467706,97.11560499116885,99.38615991747069,82.40534521158129,78.61263428174468,85.64826637824186,81.06904231625836,,,0.0,4.336808689942018e-17,0.4259572215406312,0.0,4.336808689942018e-17,0.4259572215406312
antiprompt_qwen3,results/antiprompt_qwen3/eval_results.json,449,56.792873051224944,52.17241943260077,61.298078643891266,54.342984409799556,49.71823688124932,58.894048774212784,55.56792873051225,,,77.06013363028953,72.95133894707106,80.70982552157746,77.06013363028953,72.95133894707106,80.70982552157746,31.625835189309576,28.668152946557512,34.74004959587946,56.792873051224944,52.17241943260077,61.298078643891266,6.45879732739421,4.534350079434136,9.121965528625223,0.8908685968819599,,,0.4454342984409799,0.17335294583041344,1.1396781534693212,38.97550111358575,35.83915601020514,42.20576551525705
antiprompt_qwen3_nothink,results/antiprompt_qwen3_nothink/eval_results.json,449,87.97327394209354,84.63800011210269,90.6642924138609,73.94209354120267,69.69101619358831,77.78696883011307,80.95768374164811,,,80.17817371937639,76.24149303477404,83.60285087882167,79.51002227171492,75.53372060995905,82.9856562797194,55.67928730512249,52.41285504493815,58.89733689649043,87.97327394209354,84.63800011210269,90.6642924138609,23.385300668151448,19.70599661849001,27.51615026213962,12.91759465478842,,,1.670378619153675,1.0148451771315772,2.737639086005693,0.6681514476614699,0.3065690144914669,1.4499990236878195
balanced_accuracy_lr1e5,results/balanced_accuracy_lr1e5/eval/eval_results.json,449,84.18708240534521,80.5240836920791,87.27006236502008,84.85523385300668,81.24458304301044,87.874530038006,84.52115812917594,,,85.96881959910914,82.45033593431117,88.87705551990068,85.52338530066815,81.96726944820274,88.47681065673095,48.88641425389755,45.62869372856505,52.15362157703719,84.18708240534521,80.5240836920791,87.27006236502008,13.585746102449889,10.723766555631933,17.065530640878066,-1.3363028953229399,,,1.2249443207126949,0.6853451590944568,2.1800652262837095,0.0,4.336808689942018e-17,0.4259572215406312
balanced_accuracy_lr1e6,results/balanced_accuracy_lr1e6/eval/eval_results.json,449,81.73719376391982,77.89928337893373,85.03665025713555,78.61915367483296,74.59241008661938,82.16034410450274,80.17817371937639,,,82.62806236080178,78.85082053262109,85.85173580200453,80.62360801781738,76.71422502100589,84.01343024186798,49.10913140311804,45.850172018372746,52.37568022610905,81.73719376391982,77.89928337893373,85.03665025713555,16.481069042316257,13.336481348697351,20.19433961812072,1.55902004454343,,,4.120267260579064,3.0038505455770017,5.627540045235337,0.0,4.336808689942018e-17,0.4259572215406312
balanced_calib_s2,results/balanced_calib_s2/eval/eval_results.json,449,82.62806236080178,78.85082053262109,85.85173580200453,78.39643652561247,74.35749544529958,81.95360307118345,80.51224944320712,,,81.9599109131403,78.13686860496462,85.24072070574374,80.62360801781738,76.71422502100589,84.01343024186798,50.33407572383074,47.06945532012447,53.59585008819485,82.62806236080178,78.85082053262109,85.85173580200453,18.040089086859687,14.759279294256256,21.86313139503539,3.11804008908686,,,3.0066815144766146,2.074475270756823,4.339230625657757,0.0,4.336808689942018e-17,0.4259572215406312
balanced_calib_s3,results/balanced_calib_s3/eval/eval_results.json,449,83.07349665924276,79.32781505867511,86.25805262522867,79.9554565701559,76.00539434363859,83.39729389531804,81.51447661469933,,,84.4097995545657,80.76401423028912,87.47178750144914,83.29621380846325,79.56662971063326,86.46089364790959,50.11135857461024,46.84762237858575,53.374146090854026,83.07349665924276,79.32781505867511,86.25805262522867,17.14922048997773,13.945001069952687,20.910786920782634,2.2271714922048997,,,2.4498886414253898,1.6233517380827296,3.68151181113297,0.0,4.336808689942018e-17,0.4259572215406312
balanced_decisive_lr1e5,results/balanced_decisive_lr1e5/eval/eval_results.json,449,85.74610244988864,82.20867191012977,88.67706386944299,87.08240534521158,83.66276609099906,89.87290373640819,86.41425389755011,,,87.30512249443207,83.90611455757644,90.0712109444699,86.8596881959911,83.41971319872884,89.67430095403934,48.9977728285078,45.739424809707415,52.2646589653346,85.74610244988864,82.20867191012977,88.67706386944299,12.24944320712695,9.533087753733074,15.606275394942429,-1.55902004454343,,,0.6681514476614699,0.3065690144914669,1.4499990236878195,0.0,4.336808689942018e-17,0.4259572215406312
balanced_decisive_s2,results/balanced_decisive_s2/eval/eval_results.json,449,82.85077951002228,79.08921307921737,86.05499893004732,81.51447661469933,77.66189284073141,84.83238512069879,82.18262806236079,,,84.4097995545657,80.76401423028912,87.47178750144914,83.74164810690424,80.04491053127845,86.86592417654258,49.665924276169264,46.40414991180514,52.930544679875524,82.85077951002228,79.08921307921737,86.05499893004732,16.481069042316257,13.336481348697351,20.19433961812072,0.8908685968819599,,,1.7817371937639197,1.0996545907601618,2.8745981418168833,0.0,4.336808689942018e-17,0.4259572215406312
balanced_decisive_s3,results/balanced_decisive_s3/eval/eval_results.json,449,82.40534521158129,78.61263428174468,85.64826637824186,78.61915367483296,74.59241008661938,82.16034410450274,80.51224944320712,,,83.96436525612472,80.28438373500238,87.06810664745771,82.40534521158129,78.61263428174468,85.64826637824186,50.0,46.73673008494305,53.263269915056945,82.40534521158129,78.61263428174468,85.64826637824186,17.59465478841871,14.351733621758155,21.38736571825533,2.6726057906458798,,,3.34075723830735,2.349975925752898,4.729035378981012,0.0,4.336808689942018e-17,0.4259572215406312
balanced_full_lr1e5,results/balanced_full_lr1e5/eval/eval_results.json,449,87.97327394209354,84.63800011210269,90.6642924138609,81.51447661469933,77.66189284073141,84.83238512069879,84.74387527839644,,,85.52338530066815,81.96726944820274,88.47681065673095,84.85523385300668,81.24458304301044,87.874530038006,52.2271714922049,48.95763993822952,55.477729450566,87.97327394209354,84.63800011210269,90.6642924138609,16.481069042316257,13.336481348697351,20.19433961812072,5.122494432071269,,,1.3363028953229399,0.7660489245497965,2.3211299302681456,0.0,4.336808689942018e-17,0.4259572215406312
balanced_full_lr1e6,results/balanced_full_lr1e6/eval/eval_results.json,449,79.73273942093542,75.76947091209027,83.19156165222725,76.83741648106904,72.71751931344575,80.5019894805637,78.28507795100222,,,80.40089086859689,76.47776917610591,83.80823041212888,78.61915367483296,74.59241008661938,82.16034410450274,48.9977728285078,45.739424809707415,52.2646589653346,79.73273942093542,75.76947091209027,83.19156165222725,18.262806236080177,14.963349742864457,22.100716621066276,2.89532293986637,,,4.788418708240535,3.5742022749152023,6.387799132535794,0.0,4.336808689942018e-17,0.4259572215406312
balanced_full_s4,results/balanced_full_s4/eval/eval_results.json,449,82.85077951002228,79.08921307921737,86.05499893004732,81.06904231625836,77.18768516358507,84.42328144856697,81.9599109131403,,,83.74164810690424,80.04491053127845,86.86592417654258,82.85077951002228,79.08921307921737,86.05499893004732,49.44320712694877,46.182510390384806,52.70864726241631,82.85077951002228,79.08921307921737,86.05499893004732,16.035634743875278,12.931893352542295,19.715616264997614,0.6681514476614699,,,2.4498886414253898,1.6233517380827296,3.68151181113297,0.0,4.336808689942018e-17,0.4259572215406312
balanced_full_s5,results/balanced_full_s5/eval/eval_results.json,449,84.4097995545657,80.76401423028912,87.47178750144914,81.73719376391982,77.89928337893373,85.03665025713555,83.07349665924276,,,83.96436525612472,80.28438373500238,87.06810664745771,83.29621380846325,79.56662971063326,86.46089364790959,50.33407572383074,47.06945532012447,53.59585008819485,84.4097995545657,80.76401423028912,87.47178750144914,16.258351893095767,13.134075823457437,19.955089468721553,1.7817371937639197,,,1.55902004454343,0.9309131232202357,2.5998026704772577,0.0,4.336808689942018e-17,0.4259572215406312
baseline_coder7b,results/baseline_coder7b/eval_results.json,449,75.05567928730513,70.85224478624534,78.83401861065146,69.48775055679288,65.07823482163822,73.56663670928151,72.271714922049,,,75.50111358574611,71.31770232259382,79.25187242358115,70.8240534521158,66.45691967861617,74.83788590013805,47.88418708240535,44.63284019079731,51.15355888984694,75.05567928730513,70.85224478624534,78.83401861065146,20.71269487750557,17.22042015026308,24.701858634697558,5.56792873051225,,,9.35412026726058,7.618925277616616,11.435583376865189,0.33407572383073497,0.11367953648031576,0.9775830933796432
baseline_deepseek7b,results/baseline_deepseek7b/eval_results.json,449,73.71937639198218,69.45917517187284,77.57715417718946,9.57683741648107,7.187788100972707,12.651706952033809,41.648106904231625,,,19.15367483296214,15.781551950536823,23.049137111950245,18.70824053452116,15.372072017641628,22.57530569556727,72.49443207126949,69.48266444176386,75.31456638507088,73.71937639198218,69.45917517187284,77.57715417718946,71.26948775055679,66.91743500118143,75.26068192685096,57.46102449888642,,,2.89532293986637,1.9833884264571322,4.208549000517673,16.481069042316257,14.198230698196557,19.049460000430905
baseline_deepseek7b_v2,results/baseline_deepseek7b_v2/eval_results.json,449,74.16481069042317,69.92299061057416,77.99665008776631,10.244988864142538,7.7690136674181005,13.395448409505658,42.20489977728285,,,19.37639198218263,15.98656975813203,23.285774978994116,18.93095768374165,15.576718551433045,22.812314836414938,72.71714922048997,69.71176540414483,75.52900236156944,74.16481069042317,69.92299061057416,77.99665008776631,71.26948775055679,66.91743500118143,75.26068192685096,57.6837416481069,,,2.6726057906458798,1.8024583462035566,3.945942141891696,16.258351893095767,13.989594862883747,18.814558896864163
baseline_mistral7b,results/baseline_mistral7b/eval/eval_results.json,80,71.25,60.53965378701002,80.01307570773008,57.49999999999999,46.569289846568864,67.74343821039822,64.375,,,65.0,54.08000664880767,74.54544946512652,58.75,47.804040345890165,68.89414238723812,50.625,42.95485502719754,58.26583722883806,71.25,60.53965378701002,80.01307570773008,30.0,21.064571260081337,40.76815392133974,12.5,,,12.5,8.239453584444192,18.519011053418698,0.0,0.0,2.344619517150519
baseline_qwen35_9b,results/baseline_qwen35_9b/eval_results.json,449,23.16258351893096,19.498010519436306,27.28248068655424,5.56792873051225,3.799535784274473,8.090157125228552,14.365256124721604,,,75.50111358574611,71.31770232259382,79.25187242358115,75.50111358574611,71.31770232259382,79.25187242358115,19.487750556792875,17.029250641143282,22.206188732358132,23.16258351893096,19.498010519436306,27.28248068655424,15.812917594654788,12.72993763497993,19.475916307920897,13.140311804008908,,,0.0,4.336808689942018e-17,0.4259572215406312,77.61692650334075,74.77642113852703,80.2221592825374
baseline_qwen35_9b_nothink,results/baseline_qwen35_9b_nothink/eval_results.json,449,63.474387527839646,58.923821829551116,67.79634648611339,64.58797327394208,60.05768508080078,68.87076160805911,64.03118040089086,,,81.06904231625836,77.18768516358507,84.42328144856697,80.84632516703786,76.95086288804977,84.21844804946318,34.075723830734965,31.04946680645504,37.237642063657006,63.474387527839646,58.923821829551116,67.79634648611339,4.67706013363029,3.0791599989015284,7.043910212045165,0.0,,,0.4454342984409799,0.17335294583041344,1.1396781534693212,30.62360801781737,27.696739672134385,33.71554664534461
baseline_qwen3_8b,results/baseline_qwen3_8b/eval/eval_results.json,449,85.96881959910914,82.45033593431117,88.87705551990068,74.16481069042317,69.92299061057416,77.99665008776631,80.06681514476614,,,80.40089086859689,76.47776917610591,83.80823041212888,79.73273942093542,75.76947091209027,83.19156165222725,53.34075723830735,50.07051822644421,56.582535856749075,85.96881959910914,82.45033593431117,88.87705551990068,20.71269487750557,17.22042015026308,24.701858634697558,10.244988864142538,,,2.1158129175946545,1.3586446842624376,3.2809134566339355,2.338530066815145,1.5345542707359818,3.5485408090399426
baseline_qwen3_8b,results/baseline_qwen3_8b/eval_results.json,449,36.080178173719375,31.773580616341533,40.62293971871581,33.630289532293986,29.4155762340742,38.12273167995323,34.85523385300668,,,78.39643652561247,74.35749544529958,81.95360307118345,78.39643652561247,74.35749544529958,81.95360307118345,19.15367483296214,16.71344697495954,21.856686990222546,36.080178173719375,31.773580616341533,40.62293971871581,2.2271714922048997,1.2141668432280268,4.050690946688759,0.22271714922048996,,,0.11135857461024498,0.01966022820386773,0.6280654627765395,63.14031180400891,59.93528071430435,66.2333986795892
baseline_qwen3_8b_nothink,results/baseline_qwen3_8b_nothink/eval_results.json,449,87.08240534521158,83.66276609099906,89.87290373640819,76.61469933184856,72.48384973786038,80.29400338151,81.84855233853007,,,81.29175946547885,77.42469430443273,84.62792798235837,80.62360801781738,76.71422502100589,84.01343024186798,53.4521158129176,50.181895188414295,56.69292736421876,87.08240534521158,83.66276609099906,89.87290373640819,19.821826280623608,16.397149121178344,23.75850696522597,10.690423162583519,,,2.2271714922048997,1.4463056602905817,3.4150209500455673,1.3363028953229399,0.7660489245497965,2.3211299302681456
baseline_qwen3_8b_v2,results/baseline_qwen3_8b_v2/eval_results.json,449,81.73719376391982,77.89928337893373,85.03665025713555,81.9599109131403,78.13686860496462,85.24072070574374,81.84855233853007,,,85.96881959910914,82.45033593431117,88.87705551990068,85.96881959910914,82.45033593431117,88.87705551990068,44.877505567928736,41.65315273728643,48.14549766848388,81.73719376391982,77.89928337893373,85.03665025713555,8.017817371937639,5.847488434276047,10.900416896256889,0.8908685968819599,,,0.4454342984409799,0.17335294583041344,1.1396781534693212,10.356347438752785,8.529461829304699,12.520963050135089
baseline_qwen7b,results/baseline_qwen7b/eval_results.json,449,80.17817371937639,76.24149303477404,83.60285087882167,75.27839643652561,71.08490333051233,79.04301574102354,77.728285077951,,,81.51447661469933,77.66189284073141,84.83238512069879,79.28730512249443,75.29814136530244,82.77957984973692,49.33184855233853,46.071714810384265,52.597674372977075,80.17817371937639,76.24149303477404,83.60285087882167,18.485523385300667,15.167614879301217,22.338107159268596,2.4498886414253898,,,5.122494432071269,3.862194041901209,6.765112773869114,0.0,4.336808689942018e-17,0.4259572215406312
baseline_qwen7b_244,results/baseline_qwen7b_244/eval_results.json,449,79.9554565701559,76.00539434363859,83.39729389531804,75.94654788418708,71.78372678245738,79.66915931299575,77.9510022271715,,,81.29175946547885,77.42469430443273,84.62792798235837,78.39643652561247,74.35749544529958,81.95360307118345,49.10913140311804,45.850172018372746,52.37568022610905,79.9554565701559,76.00539434363859,83.39729389531804,18.262806236080177,14.963349742864457,22.100716621066276,2.89532293986637,,,5.456570155902004,4.151836299630186,7.140775924459465,0.0,4.336808689942018e-17,0.4259572215406312
judgelrm_3b,results/judgelrm_3b/eval/eval_results.json,449,76.83741648106904,72.71751931344575,80.5019894805637,55.90200445434298,51.278696114670076,60.42517926326559,66.36971046770601,,,67.92873051224944,63.47502681867332,72.07825498977284,66.59242761692651,62.10519352076995,70.79815423984171,56.6815144766147,53.41892637980028,59.887181786586275,76.83741648106904,72.71751931344575,80.5019894805637,36.525612472160354,32.20365351388663,41.07617817044889,15.367483296213807,,,5.233853006681515,3.9585653619077914,6.890509923302307,0.0,4.336808689942018e-17,0.4259572215406312
judgelrm_7b,results/judgelrm_7b/eval/eval_results.json,449,81.29175946547885,77.42469430443273,84.62792798235837,66.14699331848553,61.64945034835767,70.37058606297582,73.71937639198218,,,75.7238307349666,71.55064303783799,79.46058738297604,71.93763919821826,67.6091242583963,75.89395969355334,53.11804008908686,49.847812973136804,56.36170417117692,81.29175946547885,77.42469430443273,84.62792798235837,24.94432071269488,21.165981389348552,29.147755213754667,13.3630289532294,,,7.57238307349666,6.0170408560958455,9.489172287349545,0.4454342984409799,0.17335294583041344,1.1396781534693212
label_variant_leftright,results/label_variant_leftright/eval_results.json,449,94.20935412026726,91.65065711769283,96.01799429816509,55.45657015590201,50.83239012085655,59.98817390780097,74.83296213808464,,,59.910913140311806,55.31226893448047,64.34140858695872,59.24276169265033,54.63787962388958,63.69083087363235,67.92873051224944,64.80513871343777,70.89958486636615,94.20935412026726,91.65065711769283,96.01799429816509,41.648106904231625,37.177940709278694,46.25997149175572,36.74832962138085,,,2.1158129175946545,1.3586446842624376,3.2809134566339355,0.0,4.336808689942018e-17,0.4259572215406312
label_variant_leftright_mistral,results/label_variant_leftright_mistral/eval_results.json,449,99.10913140311804,97.73204752417136,99.65302873374637,14.699331848552339,11.723699188705384,18.273876381000026,56.90423162583519,,,15.590200445434299,12.528212498550866,19.235985769710872,15.590200445434299,12.528212498550866,19.235985769710872,92.20489977728286,90.26618455936438,93.78406535831068,99.10913140311804,97.73204752417136,99.65302873374637,85.30066815144765,81.72612361899996,88.27630081129462,84.4097995545657,,,0.0,4.336808689942018e-17,0.4259572215406312,0.0,4.336808689942018e-17,0.4259572215406312
label_variant_leftright_qwen3,results/label_variant_leftright_qwen3/eval_results.json,449,57.46102449888642,52.843689381851945,61.951775718557336,54.12026726057907,49.495681556804364,58.674948424018666,55.790645879732736,,,78.17371937639199,74.12274230477713,81.7467005370668,78.17371937639199,74.12274230477713,81.7467005370668,31.06904231625835,28.12827602605756,34.17108416918054,57.46102449888642,52.843689381851945,61.951775718557336,4.67706013363029,3.0791599989015284,7.043910212045165,0.0,,,0.4454342984409799,0.17335294583041344,1.1396781534693212,39.643652561247215,36.49495852272801,42.88057381937283
label_variant_leftright_qwen3_nothink,results/label_variant_leftright_qwen3_nothink/eval_results.json,449,85.74610244988864,82.20867191012977,88.67706386944299,78.17371937639199,74.12274230477713,81.7467005370668,81.9599109131403,,,83.74164810690424,80.04491053127845,86.86592417654258,83.29621380846325,79.56662971063326,86.46089364790959,52.672605790645875,49.4025969582572,55.919846308297416,85.74610244988864,82.20867191012977,88.67706386944299,19.599109131403118,16.19176958787113,23.5222308238941,8.463251670378618,,,2.0044543429844097,1.271615021608166,3.146174649848431,1.0022271714922049,0.5281578341671611,1.8937156123314536
label_variant_numeric,results/label_variant_numeric/eval_results.json,449,94.65478841870824,92.16992516099673,96.38203760413934,56.347438752783965,51.725372144777495,60.86181458243637,75.50111358574611,,,60.801781737193764,56.212802268652105,65.2074979513434,59.910913140311806,55.31226893448047,64.34140858695872,67.26057906458797,64.12351398096571,70.25059878219956,94.65478841870824,92.16992516099673,96.38203760413934,39.86636971046771,35.44192415484272,44.46274264907903,35.4120267260579,,,2.5612472160356345,1.7126634476308589,3.8139685710246174,0.0,4.336808689942018e-17,0.4259572215406312
label_variant_numeric_mistral,results/label_variant_numeric_mistral/eval_results.json,449,99.55456570155901,98.39062687040169,99.87776073679419,11.58129175946548,8.941925420439247,14.872470704319007,55.56792873051225,,,12.026726057906458,9.335707586139101,15.361999887897321,12.026726057906458,9.335707586139101,15.361999887897321,93.87527839643653,92.11231384612354,95.26446311314814,99.55456570155901,98.39062687040169,99.87776073679419,88.19599109131403,84.88259908259973,90.86134911800293,87.75055679287304,,,0.11135857461024498,0.01966022820386773,0.6280654627765395,0.0,4.336808689942018e-17,0.4259572215406312
label_variant_numeric_qwen3,results/label_variant_numeric_qwen3/eval_results.json,449,54.342984409799556,49.71823688124932,58.894048774212784,53.4521158129176,48.8285643174883,58.01709863941748,53.89755011135857,,,80.84632516703786,76.95086288804977,84.21844804946318,80.84632516703786,76.95086288804977,84.21844804946318,29.06458797327394,26.188979110992193,32.11854863432993,54.342984409799556,49.71823688124932,58.894048774212784,3.78619153674833,2.3771370152820346,5.979310497108329,0.22271714922048996,,,0.22271714922048996,0.06109833813997358,0.8083958222802095,42.31625835189309,39.12431462727851,45.57366098137695
label_variant_numeric_qwen3_bal,results/label_variant_numeric_qwen3_bal/eval_results.json,449,44.097995545657014,39.574820736734395,48.721303885329924,40.97995545657015,36.52621950282864,45.586725674288516,42.53897550111358,,,81.9599109131403,78.13686860496462,85.24072070574374,81.9599109131403,78.13686860496462,85.24072070574374,23.49665924276169,20.840141277336542,26.3789629959968,44.097995545657014,39.574820736734395,48.721303885329924,2.89532293986637,1.6997117837115283,4.890113030122505,0.0,,,0.11135857461024498,0.01966022820386773,0.6280654627765395,54.78841870824054,51.519687284747484,58.01635690116288
label_variant_numeric_qwen3_nothink,results/label_variant_numeric_qwen3_nothink/eval_results.json,449,88.41870824053451,85.12752929568099,91.05807457956074,75.50111358574611,71.31770232259382,79.25187242358115,81.9599109131403,,,81.73719376391982,77.89928337893373,85.03665025713555,81.06904231625836,77.18768516358507,84.42328144856697,54.89977728285078,51.63127594488143,58.12653671046871,88.41870824053451,85.12752929568099,91.05807457956074,21.380846325167038,17.83965589549727,25.40758991338062,12.24944320712695,,,1.7817371937639197,1.0996545907601618,2.8745981418168833,1.2249443207126949,0.6853451590944568,2.1800652262837095
length_confounded_s2,results/length_confounded_s2/eval/eval_results.json,449,81.29175946547885,77.42469430443273,84.62792798235837,75.94654788418708,71.78372678245738,79.66915931299575,78.61915367483296,,,81.29175946547885,77.42469430443273,84.62792798235837,79.9554565701559,76.00539434363859,83.39729389531804,50.779510022271715,47.5133146386076,54.03906464747082,81.29175946547885,77.42469430443273,84.62792798235837,20.26726057906459,16.808438347772746,24.23052908790973,4.67706013363029,,,3.4521158129175946,2.44249729862032,4.858282475553364,0.0,4.336808689942018e-17,0.4259572215406312
length_confounded_s3,results/length_confounded_s3/eval/eval_results.json,449,81.51447661469933,77.66189284073141,84.83238512069879,76.83741648106904,72.71751931344575,80.5019894805637,79.1759465478842,,,79.51002227171492,75.53372060995905,82.9856562797194,78.39643652561247,74.35749544529958,81.95360307118345,50.445434298440986,47.180395968975866,53.70667790878324,81.51447661469933,77.66189284073141,84.83238512069879,19.37639198218263,15.98656975813203,23.285774978994116,4.008908685968819,,,3.34075723830735,2.349975925752898,4.729035378981012,0.0,4.336808689942018e-17,0.4259572215406312
pilot,results/pilot/eval/eval_results.json,449,81.73719376391982,77.89928337893373,85.03665025713555,77.9510022271715,73.88814890151455,81.53963826569031,79.84409799554567,,,81.9599109131403,78.13686860496462,85.24072070574374,80.40089086859689,76.47776917610591,83.80823041212888,49.33184855233853,46.071714810384265,52.597674372977075,81.73719376391982,77.89928337893373,85.03665025713555,16.926503340757236,13.74194737477134,20.672184941324893,1.7817371937639197,,,4.120267260579064,3.0038505455770017,5.627540045235337,0.0,4.336808689942018e-17,0.4259572215406312
